--------------------------------------------------------
--  文件已创建 - 星期一-十一月-23-2015   
--------------------------------------------------------
--------------------------------------------------------
--  DDL for Table ADMIN
--------------------------------------------------------

  CREATE TABLE "SYSTEM"."ADMIN" 
   (	"AID" NUMBER, 
	"LOGIN_NAME" VARCHAR2(30 BYTE), 
	"PASSWORD" VARCHAR2(30 BYTE)
   ) PCTFREE 10 PCTUSED 40 INITRANS 1 MAXTRANS 255 NOCOMPRESS LOGGING
  STORAGE(INITIAL 65536 NEXT 1048576 MINEXTENTS 1 MAXEXTENTS 2147483645
  PCTINCREASE 0 FREELISTS 1 FREELIST GROUPS 1 BUFFER_POOL DEFAULT)
  TABLESPACE "SYSTEM" ;
--------------------------------------------------------
--  DDL for Table BOOK
--------------------------------------------------------

  CREATE TABLE "SYSTEM"."BOOK" 
   (	"BID" NUMBER, 
	"BOOK_NAME" VARCHAR2(100 BYTE), 
	"PRESS" VARCHAR2(200 BYTE), 
	"AUTHOR" VARCHAR2(200 BYTE), 
	"PUBLISH_TIME" DATE, 
	"UPLOAD_TIME" DATE, 
	"EDITION" NUMBER(1,0), 
	"BOOK_IMG" VARCHAR2(100 BYTE), 
	"DEAL_TYPE" NUMBER(1,0), 
	"BOOK_STATE" NUMBER(1,0), 
	"CID" NUMBER, 
	"USID" NUMBER, 
	"DEAL_STATE" VARCHAR2(10 BYTE)
   ) PCTFREE 10 PCTUSED 40 INITRANS 1 MAXTRANS 255 NOCOMPRESS LOGGING
  STORAGE(INITIAL 65536 NEXT 1048576 MINEXTENTS 1 MAXEXTENTS 2147483645
  PCTINCREASE 0 FREELISTS 1 FREELIST GROUPS 1 BUFFER_POOL DEFAULT)
  TABLESPACE "SYSTEM" ;
--------------------------------------------------------
--  DDL for Table CATEGORY
--------------------------------------------------------

  CREATE TABLE "SYSTEM"."CATEGORY" 
   (	"CID" NUMBER, 
	"CATEGORY_NAME" VARCHAR2(100 BYTE)
   ) PCTFREE 10 PCTUSED 40 INITRANS 1 MAXTRANS 255 NOCOMPRESS LOGGING
  STORAGE(INITIAL 65536 NEXT 1048576 MINEXTENTS 1 MAXEXTENTS 2147483645
  PCTINCREASE 0 FREELISTS 1 FREELIST GROUPS 1 BUFFER_POOL DEFAULT)
  TABLESPACE "SYSTEM" ;
--------------------------------------------------------
--  DDL for Table REMARK
--------------------------------------------------------

  CREATE TABLE "SYSTEM"."REMARK" 
   (	"RID" NUMBER, 
	"REMARK_TIME" DATE, 
	"CONTENT" VARCHAR2(500 BYTE), 
	"USID" NUMBER, 
	"BID" NUMBER, 
	"REMARK_STATE" NUMBER
   ) PCTFREE 10 PCTUSED 40 INITRANS 1 MAXTRANS 255 NOCOMPRESS LOGGING
  STORAGE(INITIAL 65536 NEXT 1048576 MINEXTENTS 1 MAXEXTENTS 2147483645
  PCTINCREASE 0 FREELISTS 1 FREELIST GROUPS 1 BUFFER_POOL DEFAULT)
  TABLESPACE "SYSTEM" ;
--------------------------------------------------------
--  DDL for Table USER_INFO
--------------------------------------------------------

  CREATE TABLE "SYSTEM"."USER_INFO" 
   (	"USID" NUMBER, 
	"LOGIN_NAME" VARCHAR2(30 BYTE), 
	"PASSWORD" VARCHAR2(30 BYTE), 
	"NICK_NAME" VARCHAR2(30 BYTE), 
	"EMAIL" VARCHAR2(50 BYTE), 
	"PHONE" VARCHAR2(15 BYTE), 
	"ADDRESS" VARCHAR2(100 BYTE), 
	"ACTIVE_CODE" VARCHAR2(70 BYTE), 
	"STATE" NUMBER(1,0), 
	"HEAD_IMG" VARCHAR2(100 BYTE), 
	"NOFUNC" NUMBER(1,0)
   ) PCTFREE 10 PCTUSED 40 INITRANS 1 MAXTRANS 255 NOCOMPRESS LOGGING
  STORAGE(INITIAL 65536 NEXT 1048576 MINEXTENTS 1 MAXEXTENTS 2147483645
  PCTINCREASE 0 FREELISTS 1 FREELIST GROUPS 1 BUFFER_POOL DEFAULT)
  TABLESPACE "SYSTEM" ;
REM INSERTING into SYSTEM.ADMIN
SET DEFINE OFF;
----------创建序列----------------
create sequence seq_uid;
create sequence seq_bid;
create sequence seq_cid;
create sequence seq_rid;
create sequence seq_aid;

Insert into SYSTEM.ADMIN (AID,LOGIN_NAME,PASSWORD) values (1,'admin','123456');
REM INSERTING into SYSTEM.BOOK
SET DEFINE OFF;
Insert into SYSTEM.BOOK (BID,BOOK_NAME,PRESS,AUTHOR,PUBLISH_TIME,UPLOAD_TIME,EDITION,BOOK_IMG,DEAL_TYPE,BOOK_STATE,CID,USID,DEAL_STATE) values (1,'红楼梦','人名','是南安',to_date('04-11月-15','DD-MON-RR'),to_date('21-11月-15','DD-MON-RR'),2,'headImg/14480840922739062293-1_b.jpg',1,2,1,1,'待交换');
Insert into SYSTEM.BOOK (BID,BOOK_NAME,PRESS,AUTHOR,PUBLISH_TIME,UPLOAD_TIME,EDITION,BOOK_IMG,DEAL_TYPE,BOOK_STATE,CID,USID,DEAL_STATE) values (21,'JAVA','人民出版社','未知',to_date('03-11月-15','DD-MON-RR'),to_date('27-11月-15','DD-MON-RR'),1,'book_image/144863698506720285763-1_w.jpg',1,1,2,21,'已借出');
Insert into SYSTEM.BOOK (BID,BOOK_NAME,PRESS,AUTHOR,PUBLISH_TIME,UPLOAD_TIME,EDITION,BOOK_IMG,DEAL_TYPE,BOOK_STATE,CID,USID,DEAL_STATE) values (22,'数据结构与算法分析','机械工业出版社','叶娜文',to_date('11-11月-10','DD-MON-RR'),to_date('27-11月-15','DD-MON-RR'),1,'book_image/144863723525820417467-1_w.jpg',0,1,2,21,'待交换');
Insert into SYSTEM.BOOK (BID,BOOK_NAME,PRESS,AUTHOR,PUBLISH_TIME,UPLOAD_TIME,EDITION,BOOK_IMG,DEAL_TYPE,BOOK_STATE,CID,USID,DEAL_STATE) values (23,'Java项目开发','电邮出版社','叶乃文',to_date('03-11月-15','DD-MON-RR'),to_date('27-11月-15','DD-MON-RR'),1,'book_image/144863733747120991549-1_w_1.jpg',1,1,2,21,'待交换');
Insert into SYSTEM.BOOK (BID,BOOK_NAME,PRESS,AUTHOR,PUBLISH_TIME,UPLOAD_TIME,EDITION,BOOK_IMG,DEAL_TYPE,BOOK_STATE,CID,USID,DEAL_STATE) values (24,'java从入门到精通','清华出版社','未知',to_date('10-11月-15','DD-MON-RR'),to_date('27-11月-15','DD-MON-RR'),2,'book_image/144863747812622862060-1_w.jpg',1,1,2,21,'待交换');
Insert into SYSTEM.BOOK (BID,BOOK_NAME,PRESS,AUTHOR,PUBLISH_TIME,UPLOAD_TIME,EDITION,BOOK_IMG,DEAL_TYPE,BOOK_STATE,CID,USID,DEAL_STATE) values (25,'java模式','清华出版社','张德福',to_date('08-11月-11','DD-MON-RR'),to_date('27-11月-15','DD-MON-RR'),1,'book_image/1448637556978696673-1_w.jpg',1,1,2,21,'待交换');
Insert into SYSTEM.BOOK (BID,BOOK_NAME,PRESS,AUTHOR,PUBLISH_TIME,UPLOAD_TIME,EDITION,BOOK_IMG,DEAL_TYPE,BOOK_STATE,CID,USID,DEAL_STATE) values (26,'Spring攻略','清华出版社','张三',to_date('04-11月-15','DD-MON-RR'),to_date('27-11月-15','DD-MON-RR'),2,'book_image/144863768516922623020-1_w.jpg',1,1,2,21,'待交换');
Insert into SYSTEM.BOOK (BID,BOOK_NAME,PRESS,AUTHOR,PUBLISH_TIME,UPLOAD_TIME,EDITION,BOOK_IMG,DEAL_TYPE,BOOK_STATE,CID,USID,DEAL_STATE) values (27,'21天学通java','北京出版社','未知',to_date('10-11月-15','DD-MON-RR'),to_date('27-11月-15','DD-MON-RR'),1,'book_image/144863775719423219731-1_w.jpg',1,1,2,21,'待交换');
Insert into SYSTEM.BOOK (BID,BOOK_NAME,PRESS,AUTHOR,PUBLISH_TIME,UPLOAD_TIME,EDITION,BOOK_IMG,DEAL_TYPE,BOOK_STATE,CID,USID,DEAL_STATE) values (28,'javaweb整合开发实践','电邮出版社','张三',to_date('05-11月-15','DD-MON-RR'),to_date('27-11月-15','DD-MON-RR'),2,'book_image/144863791840623268958-1_w.jpg',1,1,2,21,'待交换');
Insert into SYSTEM.BOOK (BID,BOOK_NAME,PRESS,AUTHOR,PUBLISH_TIME,UPLOAD_TIME,EDITION,BOOK_IMG,DEAL_TYPE,BOOK_STATE,CID,USID,DEAL_STATE) values (29,'java7入门经典','北京出版社','未知',to_date('07-11月-09','DD-MON-RR'),to_date('27-11月-15','DD-MON-RR'),2,'book_image/144863799869922813026-1_w.jpg',0,1,2,21,'待交换');
Insert into SYSTEM.BOOK (BID,BOOK_NAME,PRESS,AUTHOR,PUBLISH_TIME,UPLOAD_TIME,EDITION,BOOK_IMG,DEAL_TYPE,BOOK_STATE,CID,USID,DEAL_STATE) values (30,'java语言程序设计','人民出版社','叶乃文',to_date('12-11月-10','DD-MON-RR'),to_date('27-11月-15','DD-MON-RR'),1,'book_image/144863809077021122188-1_w_1.jpg',1,1,2,21,'待交换');
Insert into SYSTEM.BOOK (BID,BOOK_NAME,PRESS,AUTHOR,PUBLISH_TIME,UPLOAD_TIME,EDITION,BOOK_IMG,DEAL_TYPE,BOOK_STATE,CID,USID,DEAL_STATE) values (31,'javascript宝典','电子工业出版社','郑斯柯达',to_date('05-11月-15','DD-MON-RR'),to_date('27-11月-15','DD-MON-RR'),7,'book_image/144863824532723169892-1_w.jpg',1,1,2,21,'待交换');
Insert into SYSTEM.BOOK (BID,BOOK_NAME,PRESS,AUTHOR,PUBLISH_TIME,UPLOAD_TIME,EDITION,BOOK_IMG,DEAL_TYPE,BOOK_STATE,CID,USID,DEAL_STATE) values (32,'城市经济预警机制','人民出版社','小李',to_date('10-11月-09','DD-MON-RR'),to_date('27-11月-15','DD-MON-RR'),1,'book_image/1448638496378economic1.jpg',0,1,1,21,'待交换');
Insert into SYSTEM.BOOK (BID,BOOK_NAME,PRESS,AUTHOR,PUBLISH_TIME,UPLOAD_TIME,EDITION,BOOK_IMG,DEAL_TYPE,BOOK_STATE,CID,USID,DEAL_STATE) values (33,'汇率与国际金融','未知','未知',to_date('07-11月-14','DD-MON-RR'),to_date('27-11月-15','DD-MON-RR'),1,'book_image/1448638556438economic2.jpg',1,1,1,21,'待交换');
Insert into SYSTEM.BOOK (BID,BOOK_NAME,PRESS,AUTHOR,PUBLISH_TIME,UPLOAD_TIME,EDITION,BOOK_IMG,DEAL_TYPE,BOOK_STATE,CID,USID,DEAL_STATE) values (34,'金砖国家','人民出版社','小李',to_date('07-11月-12','DD-MON-RR'),to_date('27-11月-15','DD-MON-RR'),1,'book_image/1448638630460economic3.jpg',1,1,1,21,'待交换');
Insert into SYSTEM.BOOK (BID,BOOK_NAME,PRESS,AUTHOR,PUBLISH_TIME,UPLOAD_TIME,EDITION,BOOK_IMG,DEAL_TYPE,BOOK_STATE,CID,USID,DEAL_STATE) values (35,'经济管理基础','人民出版社','未知',to_date('03-11月-10','DD-MON-RR'),to_date('27-11月-15','DD-MON-RR'),1,'book_image/1448638736135economic4.jpg',1,1,1,21,'待交换');
Insert into SYSTEM.BOOK (BID,BOOK_NAME,PRESS,AUTHOR,PUBLISH_TIME,UPLOAD_TIME,EDITION,BOOK_IMG,DEAL_TYPE,BOOK_STATE,CID,USID,DEAL_STATE) values (36,'产业经济学','电邮出版社','李四',to_date('11-11月-10','DD-MON-RR'),to_date('27-11月-15','DD-MON-RR'),1,'book_image/1448638802606economic5.jpg',1,1,1,21,'待交换');
Insert into SYSTEM.BOOK (BID,BOOK_NAME,PRESS,AUTHOR,PUBLISH_TIME,UPLOAD_TIME,EDITION,BOOK_IMG,DEAL_TYPE,BOOK_STATE,CID,USID,DEAL_STATE) values (37,'经济学原理','北京出版社','张三',to_date('11-11月-15','DD-MON-RR'),to_date('28-11月-15','DD-MON-RR'),1,'book_image/1448640316700economic6.jpg',1,1,1,21,'待交换');
Insert into SYSTEM.BOOK (BID,BOOK_NAME,PRESS,AUTHOR,PUBLISH_TIME,UPLOAD_TIME,EDITION,BOOK_IMG,DEAL_TYPE,BOOK_STATE,CID,USID,DEAL_STATE) values (41,'经济学前沿问题','3','小李',to_date('05-11月-15','DD-MON-RR'),to_date('28-11月-15','DD-MON-RR'),1,'book_image/1448671987419economic7.jpg',1,1,1,21,'待交换');
Insert into SYSTEM.BOOK (BID,BOOK_NAME,PRESS,AUTHOR,PUBLISH_TIME,UPLOAD_TIME,EDITION,BOOK_IMG,DEAL_TYPE,BOOK_STATE,CID,USID,DEAL_STATE) values (42,'政治经济学原理','清华出版社','小张',to_date('02-11月-12','DD-MON-RR'),to_date('28-11月-15','DD-MON-RR'),3,'book_image/1448672064499economic8.jpg',1,1,1,21,'待交换');
Insert into SYSTEM.BOOK (BID,BOOK_NAME,PRESS,AUTHOR,PUBLISH_TIME,UPLOAD_TIME,EDITION,BOOK_IMG,DEAL_TYPE,BOOK_STATE,CID,USID,DEAL_STATE) values (43,'社会主义市场经济理论','人民出版社','小路',to_date('02-11月-10','DD-MON-RR'),to_date('28-11月-15','DD-MON-RR'),1,'book_image/1448672141375economic9.jpg',1,1,1,21,'待交换');
Insert into SYSTEM.BOOK (BID,BOOK_NAME,PRESS,AUTHOR,PUBLISH_TIME,UPLOAD_TIME,EDITION,BOOK_IMG,DEAL_TYPE,BOOK_STATE,CID,USID,DEAL_STATE) values (44,'环境经济学','人民出版社','效力',to_date('15-11月-11','DD-MON-RR'),to_date('28-11月-15','DD-MON-RR'),2,'book_image/1448672226349economic11.jpg',0,1,1,21,'待交换');
Insert into SYSTEM.BOOK (BID,BOOK_NAME,PRESS,AUTHOR,PUBLISH_TIME,UPLOAD_TIME,EDITION,BOOK_IMG,DEAL_TYPE,BOOK_STATE,CID,USID,DEAL_STATE) values (45,'社会主义市场经济理论','人民出版社','小李',to_date('13-11月-13','DD-MON-RR'),to_date('28-11月-15','DD-MON-RR'),4,'book_image/1448672317375economic13.jpg',1,1,1,21,'待交换');
Insert into SYSTEM.BOOK (BID,BOOK_NAME,PRESS,AUTHOR,PUBLISH_TIME,UPLOAD_TIME,EDITION,BOOK_IMG,DEAL_TYPE,BOOK_STATE,CID,USID,DEAL_STATE) values (46,'市场经济法律教程','人民出版社','未知',to_date('02-11月-07','DD-MON-RR'),to_date('28-11月-15','DD-MON-RR'),3,'book_image/1448672402988economic14.jpg',1,1,1,21,'待交换');
Insert into SYSTEM.BOOK (BID,BOOK_NAME,PRESS,AUTHOR,PUBLISH_TIME,UPLOAD_TIME,EDITION,BOOK_IMG,DEAL_TYPE,BOOK_STATE,CID,USID,DEAL_STATE) values (47,'经济全球化','北京出版社','李晓',to_date('20-11月-14','DD-MON-RR'),to_date('28-11月-15','DD-MON-RR'),3,'book_image/1448672468586economic16.jpg',1,1,1,21,'待交换');
Insert into SYSTEM.BOOK (BID,BOOK_NAME,PRESS,AUTHOR,PUBLISH_TIME,UPLOAD_TIME,EDITION,BOOK_IMG,DEAL_TYPE,BOOK_STATE,CID,USID,DEAL_STATE) values (48,'中国经济','人民出版社','未知',to_date('06-11月-15','DD-MON-RR'),to_date('28-11月-15','DD-MON-RR'),1,'book_image/1448672538022economic17.jpg',1,1,1,21,'待交换');
Insert into SYSTEM.BOOK (BID,BOOK_NAME,PRESS,AUTHOR,PUBLISH_TIME,UPLOAD_TIME,EDITION,BOOK_IMG,DEAL_TYPE,BOOK_STATE,CID,USID,DEAL_STATE) values (49,'经济学基础','清华出版社','小李',to_date('13-11月-14','DD-MON-RR'),to_date('28-11月-15','DD-MON-RR'),3,'book_image/1448672594478economic18.jpg',0,1,1,21,'待交换');
Insert into SYSTEM.BOOK (BID,BOOK_NAME,PRESS,AUTHOR,PUBLISH_TIME,UPLOAD_TIME,EDITION,BOOK_IMG,DEAL_TYPE,BOOK_STATE,CID,USID,DEAL_STATE) values (50,'世界上最伟大的经济书','北京出版社','未知',to_date('06-11月-12','DD-MON-RR'),to_date('28-11月-15','DD-MON-RR'),1,'book_image/1448672668578economic21.jpg',1,1,1,21,'待交换');
Insert into SYSTEM.BOOK (BID,BOOK_NAME,PRESS,AUTHOR,PUBLISH_TIME,UPLOAD_TIME,EDITION,BOOK_IMG,DEAL_TYPE,BOOK_STATE,CID,USID,DEAL_STATE) values (51,'货币','电邮出版社','喜得龙',to_date('11-11月-15','DD-MON-RR'),to_date('28-11月-15','DD-MON-RR'),1,'book_image/1448672727983economic22.jpg',1,1,1,21,'待交换');
Insert into SYSTEM.BOOK (BID,BOOK_NAME,PRESS,AUTHOR,PUBLISH_TIME,UPLOAD_TIME,EDITION,BOOK_IMG,DEAL_TYPE,BOOK_STATE,CID,USID,DEAL_STATE) values (52,'我的第一本经济书','清华出版社','张三',to_date('08-11月-12','DD-MON-RR'),to_date('28-11月-15','DD-MON-RR'),1,'book_image/1448672794277economic23.jpg',1,1,1,21,'待交换');
Insert into SYSTEM.BOOK (BID,BOOK_NAME,PRESS,AUTHOR,PUBLISH_TIME,UPLOAD_TIME,EDITION,BOOK_IMG,DEAL_TYPE,BOOK_STATE,CID,USID,DEAL_STATE) values (54,'微观经济学','北京出版社','小薇',to_date('03-11月-14','DD-MON-RR'),to_date('28-11月-15','DD-MON-RR'),1,'book_image/1448672898348economic24.jpg',0,1,1,21,'待交换');
Insert into SYSTEM.BOOK (BID,BOOK_NAME,PRESS,AUTHOR,PUBLISH_TIME,UPLOAD_TIME,EDITION,BOOK_IMG,DEAL_TYPE,BOOK_STATE,CID,USID,DEAL_STATE) values (55,'经济学基础','清华出版社','小张',to_date('08-11月-12','DD-MON-RR'),to_date('28-11月-15','DD-MON-RR'),5,'book_image/1448673001730economic26.jpg',0,1,1,21,'待交换');
Insert into SYSTEM.BOOK (BID,BOOK_NAME,PRESS,AUTHOR,PUBLISH_TIME,UPLOAD_TIME,EDITION,BOOK_IMG,DEAL_TYPE,BOOK_STATE,CID,USID,DEAL_STATE) values (56,'哲学通论','人民出版社','未知',to_date('14-11月-12','DD-MON-RR'),to_date('28-11月-15','DD-MON-RR'),1,'book_image/1448673131912philosophy1.jpg',0,1,3,21,'待交换');
Insert into SYSTEM.BOOK (BID,BOOK_NAME,PRESS,AUTHOR,PUBLISH_TIME,UPLOAD_TIME,EDITION,BOOK_IMG,DEAL_TYPE,BOOK_STATE,CID,USID,DEAL_STATE) values (57,'小故事大道理','电邮出版社','未知',to_date('08-11月-12','DD-MON-RR'),to_date('28-11月-15','DD-MON-RR'),1,'book_image/1448673182721philosophy2.jpg',1,1,3,21,'待交换');
Insert into SYSTEM.BOOK (BID,BOOK_NAME,PRESS,AUTHOR,PUBLISH_TIME,UPLOAD_TIME,EDITION,BOOK_IMG,DEAL_TYPE,BOOK_STATE,CID,USID,DEAL_STATE) values (58,'不生气','机械工业出版社','李希',to_date('15-11月-11','DD-MON-RR'),to_date('28-11月-15','DD-MON-RR'),1,'book_image/1448673243639philosophy3.jpg',1,1,3,21,'待交换');
Insert into SYSTEM.BOOK (BID,BOOK_NAME,PRESS,AUTHOR,PUBLISH_TIME,UPLOAD_TIME,EDITION,BOOK_IMG,DEAL_TYPE,BOOK_STATE,CID,USID,DEAL_STATE) values (59,'马克思的哲学','人民出版社','李哲',to_date('09-11月-06','DD-MON-RR'),to_date('28-11月-15','DD-MON-RR'),3,'book_image/1448673310688philosophy4.jpg',0,1,3,21,'待交换');
Insert into SYSTEM.BOOK (BID,BOOK_NAME,PRESS,AUTHOR,PUBLISH_TIME,UPLOAD_TIME,EDITION,BOOK_IMG,DEAL_TYPE,BOOK_STATE,CID,USID,DEAL_STATE) values (60,'大学智慧','电邮出版社','小志',to_date('14-11月-12','DD-MON-RR'),to_date('28-11月-15','DD-MON-RR'),1,'book_image/1448673395022philosophy5.jpg',0,1,3,21,'待交换');
Insert into SYSTEM.BOOK (BID,BOOK_NAME,PRESS,AUTHOR,PUBLISH_TIME,UPLOAD_TIME,EDITION,BOOK_IMG,DEAL_TYPE,BOOK_STATE,CID,USID,DEAL_STATE) values (61,'老子通释','人民出版社','老子',to_date('02-11月-05','DD-MON-RR'),to_date('28-11月-15','DD-MON-RR'),1,'book_image/1448673518138philosophy6.jpg',0,1,3,21,'待交换');
Insert into SYSTEM.BOOK (BID,BOOK_NAME,PRESS,AUTHOR,PUBLISH_TIME,UPLOAD_TIME,EDITION,BOOK_IMG,DEAL_TYPE,BOOK_STATE,CID,USID,DEAL_STATE) values (62,'爱的哲学','人民出版社','小艾',to_date('03-11月-11','DD-MON-RR'),to_date('28-11月-15','DD-MON-RR'),1,'book_image/1448673579118philosophy7.jpg',1,1,3,21,'待交换');
Insert into SYSTEM.BOOK (BID,BOOK_NAME,PRESS,AUTHOR,PUBLISH_TIME,UPLOAD_TIME,EDITION,BOOK_IMG,DEAL_TYPE,BOOK_STATE,CID,USID,DEAL_STATE) values (63,'儒学人文小品','电邮出版社','小如',to_date('08-11月-06','DD-MON-RR'),to_date('28-11月-15','DD-MON-RR'),1,'book_image/1448673640270philosophy8.jpg',0,1,3,21,'待交换');
Insert into SYSTEM.BOOK (BID,BOOK_NAME,PRESS,AUTHOR,PUBLISH_TIME,UPLOAD_TIME,EDITION,BOOK_IMG,DEAL_TYPE,BOOK_STATE,CID,USID,DEAL_STATE) values (64,'包容','人民出版社','小包',to_date('17-11月-06','DD-MON-RR'),to_date('28-11月-15','DD-MON-RR'),1,'book_image/1448673685120philosophy9.jpg',1,1,3,21,'待交换');
Insert into SYSTEM.BOOK (BID,BOOK_NAME,PRESS,AUTHOR,PUBLISH_TIME,UPLOAD_TIME,EDITION,BOOK_IMG,DEAL_TYPE,BOOK_STATE,CID,USID,DEAL_STATE) values (65,'女性主义哲学','人民出版社','西奥哲 ',to_date('12-11月-99','DD-MON-RR'),to_date('28-11月-15','DD-MON-RR'),1,'book_image/1448673749860philosophy10.jpg',1,1,3,21,'待交换');
Insert into SYSTEM.BOOK (BID,BOOK_NAME,PRESS,AUTHOR,PUBLISH_TIME,UPLOAD_TIME,EDITION,BOOK_IMG,DEAL_TYPE,BOOK_STATE,CID,USID,DEAL_STATE) values (66,'中国哲学世界','人民出版社','小张',to_date('04-11月-10','DD-MON-RR'),to_date('28-11月-15','DD-MON-RR'),2,'book_image/1448673819234philosophy11.jpg',0,1,3,21,'待交换');
Insert into SYSTEM.BOOK (BID,BOOK_NAME,PRESS,AUTHOR,PUBLISH_TIME,UPLOAD_TIME,EDITION,BOOK_IMG,DEAL_TYPE,BOOK_STATE,CID,USID,DEAL_STATE) values (67,'皇极经典','清华出版社','小李',to_date('18-11月-99','DD-MON-RR'),to_date('28-11月-15','DD-MON-RR'),1,'book_image/1448673886797philosophy12.jpg',1,1,3,21,'待交换');
Insert into SYSTEM.BOOK (BID,BOOK_NAME,PRESS,AUTHOR,PUBLISH_TIME,UPLOAD_TIME,EDITION,BOOK_IMG,DEAL_TYPE,BOOK_STATE,CID,USID,DEAL_STATE) values (68,'阿勒德的智慧','电邮出版社','小李',to_date('13-11月-07','DD-MON-RR'),to_date('28-11月-15','DD-MON-RR'),1,'book_image/1448673962286philosophy17.jpg',1,1,3,21,'待交换');
Insert into SYSTEM.BOOK (BID,BOOK_NAME,PRESS,AUTHOR,PUBLISH_TIME,UPLOAD_TIME,EDITION,BOOK_IMG,DEAL_TYPE,BOOK_STATE,CID,USID,DEAL_STATE) values (69,'大学中用','人民出版社','小张',to_date('15-11月-11','DD-MON-RR'),to_date('28-11月-15','DD-MON-RR'),1,'book_image/1448674018212philosophy18.jpg',1,1,3,21,'待交换');
Insert into SYSTEM.BOOK (BID,BOOK_NAME,PRESS,AUTHOR,PUBLISH_TIME,UPLOAD_TIME,EDITION,BOOK_IMG,DEAL_TYPE,BOOK_STATE,CID,USID,DEAL_STATE) values (70,'秘密之书','人民出版社','小李',to_date('11-11月-14','DD-MON-RR'),to_date('28-11月-15','DD-MON-RR'),2,'book_image/1448674071517philosophy19.jpg',1,1,3,21,'待交换');
Insert into SYSTEM.BOOK (BID,BOOK_NAME,PRESS,AUTHOR,PUBLISH_TIME,UPLOAD_TIME,EDITION,BOOK_IMG,DEAL_TYPE,BOOK_STATE,CID,USID,DEAL_STATE) values (71,'感悟易经','北京出版社','小悟',to_date('04-11月-09','DD-MON-RR'),to_date('28-11月-15','DD-MON-RR'),1,'book_image/1448674140111philosophy20.jpg',1,1,3,21,'待交换');
Insert into SYSTEM.BOOK (BID,BOOK_NAME,PRESS,AUTHOR,PUBLISH_TIME,UPLOAD_TIME,EDITION,BOOK_IMG,DEAL_TYPE,BOOK_STATE,CID,USID,DEAL_STATE) values (72,'理性的声音','北京出版社','张三',to_date('22-11月-10','DD-MON-RR'),to_date('28-11月-15','DD-MON-RR'),1,'book_image/1448674199672philosophy22.jpg',1,1,3,21,'待交换');
Insert into SYSTEM.BOOK (BID,BOOK_NAME,PRESS,AUTHOR,PUBLISH_TIME,UPLOAD_TIME,EDITION,BOOK_IMG,DEAL_TYPE,BOOK_STATE,CID,USID,DEAL_STATE) values (73,'真理的追求着','人民出版社',' 李长',to_date('20-11月-10','DD-MON-RR'),to_date('28-11月-15','DD-MON-RR'),1,'book_image/1448674263694philosophy21.jpg',1,1,3,21,'待交换');
Insert into SYSTEM.BOOK (BID,BOOK_NAME,PRESS,AUTHOR,PUBLISH_TIME,UPLOAD_TIME,EDITION,BOOK_IMG,DEAL_TYPE,BOOK_STATE,CID,USID,DEAL_STATE) values (74,'不抱怨的世界','人民出版社','未知',to_date('02-11月-10','DD-MON-RR'),to_date('28-11月-15','DD-MON-RR'),1,'book_image/1448674351413selfhelp1.jpg',1,1,5,21,'待交换');
Insert into SYSTEM.BOOK (BID,BOOK_NAME,PRESS,AUTHOR,PUBLISH_TIME,UPLOAD_TIME,EDITION,BOOK_IMG,DEAL_TYPE,BOOK_STATE,CID,USID,DEAL_STATE) values (75,'成功不是偶然','电邮出版社','小李',to_date('06-11月-13','DD-MON-RR'),to_date('28-11月-15','DD-MON-RR'),1,'book_image/1448674399102selfhelp2.jpg',0,1,5,21,'待交换');
Insert into SYSTEM.BOOK (BID,BOOK_NAME,PRESS,AUTHOR,PUBLISH_TIME,UPLOAD_TIME,EDITION,BOOK_IMG,DEAL_TYPE,BOOK_STATE,CID,USID,DEAL_STATE) values (76,'一锄挖不成水井','未知','未知',to_date('04-11月-15','DD-MON-RR'),to_date('28-11月-15','DD-MON-RR'),1,'book_image/1448674495120selfhelp3.jpg',1,1,5,21,'待交换');
Insert into SYSTEM.BOOK (BID,BOOK_NAME,PRESS,AUTHOR,PUBLISH_TIME,UPLOAD_TIME,EDITION,BOOK_IMG,DEAL_TYPE,BOOK_STATE,CID,USID,DEAL_STATE) values (77,'幸福就是比心态','未知','西奥',to_date('13-11月-12','DD-MON-RR'),to_date('28-11月-15','DD-MON-RR'),1,'book_image/1448674554494selfhelp5.jpg',1,1,5,21,'待交换');
Insert into SYSTEM.BOOK (BID,BOOK_NAME,PRESS,AUTHOR,PUBLISH_TIME,UPLOAD_TIME,EDITION,BOOK_IMG,DEAL_TYPE,BOOK_STATE,CID,USID,DEAL_STATE) values (78,'羊皮卷','人民出版社','效力',to_date('15-11月-12','DD-MON-RR'),to_date('28-11月-15','DD-MON-RR'),1,'book_image/1448674617643selfhelp6.jpg',1,1,5,21,'待交换');
Insert into SYSTEM.BOOK (BID,BOOK_NAME,PRESS,AUTHOR,PUBLISH_TIME,UPLOAD_TIME,EDITION,BOOK_IMG,DEAL_TYPE,BOOK_STATE,CID,USID,DEAL_STATE) values (79,'我的奋斗','人民出版社','效力',to_date('15-11月-12','DD-MON-RR'),to_date('28-11月-15','DD-MON-RR'),1,'book_image/1448674641152selfhelp8.jpg',1,1,5,21,'待交换');
Insert into SYSTEM.BOOK (BID,BOOK_NAME,PRESS,AUTHOR,PUBLISH_TIME,UPLOAD_TIME,EDITION,BOOK_IMG,DEAL_TYPE,BOOK_STATE,CID,USID,DEAL_STATE) values (80,'快乐就是这么简单','人民出版社','小乐',to_date('15-11月-12','DD-MON-RR'),to_date('28-11月-15','DD-MON-RR'),1,'book_image/1448674677969selfhelp7.jpg',1,1,5,21,'待交换');
Insert into SYSTEM.BOOK (BID,BOOK_NAME,PRESS,AUTHOR,PUBLISH_TIME,UPLOAD_TIME,EDITION,BOOK_IMG,DEAL_TYPE,BOOK_STATE,CID,USID,DEAL_STATE) values (81,'人生哲理','人民出版社','小乐',to_date('15-11月-12','DD-MON-RR'),to_date('28-11月-15','DD-MON-RR'),1,'book_image/1448674698795selfhelp9.jpg',1,1,5,21,'待交换');
Insert into SYSTEM.BOOK (BID,BOOK_NAME,PRESS,AUTHOR,PUBLISH_TIME,UPLOAD_TIME,EDITION,BOOK_IMG,DEAL_TYPE,BOOK_STATE,CID,USID,DEAL_STATE) values (82,'管理你的内心','人民出版社','小乐',to_date('15-11月-12','DD-MON-RR'),to_date('28-11月-15','DD-MON-RR'),1,'book_image/1448674721103selfhelp10.jpg',1,1,5,21,'待交换');
Insert into SYSTEM.BOOK (BID,BOOK_NAME,PRESS,AUTHOR,PUBLISH_TIME,UPLOAD_TIME,EDITION,BOOK_IMG,DEAL_TYPE,BOOK_STATE,CID,USID,DEAL_STATE) values (83,'不抱怨的世界','人民出版社','小乐',to_date('15-11月-12','DD-MON-RR'),to_date('28-11月-15','DD-MON-RR'),1,'book_image/1448674758653selfhelp12.jpg',1,1,5,21,'待交换');
Insert into SYSTEM.BOOK (BID,BOOK_NAME,PRESS,AUTHOR,PUBLISH_TIME,UPLOAD_TIME,EDITION,BOOK_IMG,DEAL_TYPE,BOOK_STATE,CID,USID,DEAL_STATE) values (84,'决定男人一生的密码','人民出版社','小乐',to_date('15-11月-12','DD-MON-RR'),to_date('28-11月-15','DD-MON-RR'),1,'book_image/1448674798558selfhelp14.jpg',1,1,5,21,'待交换');
Insert into SYSTEM.BOOK (BID,BOOK_NAME,PRESS,AUTHOR,PUBLISH_TIME,UPLOAD_TIME,EDITION,BOOK_IMG,DEAL_TYPE,BOOK_STATE,CID,USID,DEAL_STATE) values (85,'别人机会错过你','人民出版社','小乐',to_date('15-11月-12','DD-MON-RR'),to_date('28-11月-15','DD-MON-RR'),1,'book_image/1448674828837selfhelp15.jpg',1,1,5,21,'待交换');
Insert into SYSTEM.BOOK (BID,BOOK_NAME,PRESS,AUTHOR,PUBLISH_TIME,UPLOAD_TIME,EDITION,BOOK_IMG,DEAL_TYPE,BOOK_STATE,CID,USID,DEAL_STATE) values (86,'20几岁决定女人的一生','人民出版社','小乐',to_date('15-11月-12','DD-MON-RR'),to_date('28-11月-15','DD-MON-RR'),1,'book_image/1448674876807selfhelp16.jpg',1,1,5,21,'待交换');
Insert into SYSTEM.BOOK (BID,BOOK_NAME,PRESS,AUTHOR,PUBLISH_TIME,UPLOAD_TIME,EDITION,BOOK_IMG,DEAL_TYPE,BOOK_STATE,CID,USID,DEAL_STATE) values (87,'影响力','人民出版社','小乐',to_date('15-11月-12','DD-MON-RR'),to_date('28-11月-15','DD-MON-RR'),1,'book_image/1448674895933selfhelp17.jpg',1,1,5,21,'待交换');
Insert into SYSTEM.BOOK (BID,BOOK_NAME,PRESS,AUTHOR,PUBLISH_TIME,UPLOAD_TIME,EDITION,BOOK_IMG,DEAL_TYPE,BOOK_STATE,CID,USID,DEAL_STATE) values (88,'改变人生的12种能力','人民出版社','小乐',to_date('15-11月-12','DD-MON-RR'),to_date('28-11月-15','DD-MON-RR'),1,'book_image/1448674924762selfhelp18.jpg',1,1,5,21,'待交换');
Insert into SYSTEM.BOOK (BID,BOOK_NAME,PRESS,AUTHOR,PUBLISH_TIME,UPLOAD_TIME,EDITION,BOOK_IMG,DEAL_TYPE,BOOK_STATE,CID,USID,DEAL_STATE) values (89,'世界上最伟大的励志书','人民出版社','小乐',to_date('15-11月-12','DD-MON-RR'),to_date('28-11月-15','DD-MON-RR'),1,'book_image/1448674953388selfhelp19.jpg',1,1,5,21,'待交换');
Insert into SYSTEM.BOOK (BID,BOOK_NAME,PRESS,AUTHOR,PUBLISH_TIME,UPLOAD_TIME,EDITION,BOOK_IMG,DEAL_TYPE,BOOK_STATE,CID,USID,DEAL_STATE) values (90,'思考致富','人民出版社','小乐',to_date('15-11月-12','DD-MON-RR'),to_date('28-11月-15','DD-MON-RR'),1,'book_image/1448674976601selfhelp20.jpg',1,1,5,21,'待交换');
Insert into SYSTEM.BOOK (BID,BOOK_NAME,PRESS,AUTHOR,PUBLISH_TIME,UPLOAD_TIME,EDITION,BOOK_IMG,DEAL_TYPE,BOOK_STATE,CID,USID,DEAL_STATE) values (91,'人生感悟枕边书','人民出版社','小乐',to_date('15-11月-12','DD-MON-RR'),to_date('28-11月-15','DD-MON-RR'),1,'book_image/1448675019797selfhelp21.jpg',1,1,5,21,'待交换');
Insert into SYSTEM.BOOK (BID,BOOK_NAME,PRESS,AUTHOR,PUBLISH_TIME,UPLOAD_TIME,EDITION,BOOK_IMG,DEAL_TYPE,BOOK_STATE,CID,USID,DEAL_STATE) values (92,'决定职场沉浮的108条人生经验','人民出版社','小乐',to_date('15-11月-12','DD-MON-RR'),to_date('28-11月-15','DD-MON-RR'),1,'book_image/1448675079311selfhelp22.jpg',1,1,5,21,'待交换');
Insert into SYSTEM.BOOK (BID,BOOK_NAME,PRESS,AUTHOR,PUBLISH_TIME,UPLOAD_TIME,EDITION,BOOK_IMG,DEAL_TYPE,BOOK_STATE,CID,USID,DEAL_STATE) values (93,'给年轻人的人生哲理书','人民出版社','小乐',to_date('15-11月-12','DD-MON-RR'),to_date('28-11月-15','DD-MON-RR'),1,'book_image/1448675115363selfhelp23.jpg',1,1,5,21,'待交换');
Insert into SYSTEM.BOOK (BID,BOOK_NAME,PRESS,AUTHOR,PUBLISH_TIME,UPLOAD_TIME,EDITION,BOOK_IMG,DEAL_TYPE,BOOK_STATE,CID,USID,DEAL_STATE) values (94,'聪明女人情商书','人民出版社','小乐',to_date('15-11月-12','DD-MON-RR'),to_date('28-11月-15','DD-MON-RR'),1,'book_image/1448675149371selfhelp24.jpg',1,1,5,21,'待交换');
Insert into SYSTEM.BOOK (BID,BOOK_NAME,PRESS,AUTHOR,PUBLISH_TIME,UPLOAD_TIME,EDITION,BOOK_IMG,DEAL_TYPE,BOOK_STATE,CID,USID,DEAL_STATE) values (95,'不抱怨生命中的不如意','人民出版社','小乐',to_date('15-11月-12','DD-MON-RR'),to_date('28-11月-15','DD-MON-RR'),1,'book_image/1448675181991selfhelp25.jpg',1,1,5,21,'待交换');
Insert into SYSTEM.BOOK (BID,BOOK_NAME,PRESS,AUTHOR,PUBLISH_TIME,UPLOAD_TIME,EDITION,BOOK_IMG,DEAL_TYPE,BOOK_STATE,CID,USID,DEAL_STATE) values (96,'你可以更聪明','人民出版社','小乐',to_date('15-11月-12','DD-MON-RR'),to_date('28-11月-15','DD-MON-RR'),1,'book_image/1448675211943selfhelp26.jpg',1,1,5,21,'待交换');
Insert into SYSTEM.BOOK (BID,BOOK_NAME,PRESS,AUTHOR,PUBLISH_TIME,UPLOAD_TIME,EDITION,BOOK_IMG,DEAL_TYPE,BOOK_STATE,CID,USID,DEAL_STATE) values (97,'激发','人民出版社','小乐',to_date('15-11月-12','DD-MON-RR'),to_date('28-11月-15','DD-MON-RR'),1,'book_image/1448675230101selfhelp27.jpg',1,1,5,21,'待交换');
Insert into SYSTEM.BOOK (BID,BOOK_NAME,PRESS,AUTHOR,PUBLISH_TIME,UPLOAD_TIME,EDITION,BOOK_IMG,DEAL_TYPE,BOOK_STATE,CID,USID,DEAL_STATE) values (98,'穷人你在忙什么','人民出版社','小乐',to_date('15-11月-12','DD-MON-RR'),to_date('28-11月-15','DD-MON-RR'),1,'book_image/1448675255108selfhelp28.jpg',1,1,5,21,'待交换');
Insert into SYSTEM.BOOK (BID,BOOK_NAME,PRESS,AUTHOR,PUBLISH_TIME,UPLOAD_TIME,EDITION,BOOK_IMG,DEAL_TYPE,BOOK_STATE,CID,USID,DEAL_STATE) values (99,'乔布斯传奇','人民出版社','小乐',to_date('15-11月-12','DD-MON-RR'),to_date('28-11月-15','DD-MON-RR'),1,'book_image/1448675277229selfhelp29.jpg',1,1,5,21,'待交换');
Insert into SYSTEM.BOOK (BID,BOOK_NAME,PRESS,AUTHOR,PUBLISH_TIME,UPLOAD_TIME,EDITION,BOOK_IMG,DEAL_TYPE,BOOK_STATE,CID,USID,DEAL_STATE) values (100,'唤醒','人民出版社','小乐',to_date('15-11月-12','DD-MON-RR'),to_date('28-11月-15','DD-MON-RR'),1,'book_image/1448675294732selfhelp30.jpg',1,1,5,21,'待交换');
Insert into SYSTEM.BOOK (BID,BOOK_NAME,PRESS,AUTHOR,PUBLISH_TIME,UPLOAD_TIME,EDITION,BOOK_IMG,DEAL_TYPE,BOOK_STATE,CID,USID,DEAL_STATE) values (101,'抓住下一次机会','人民出版社','小乐',to_date('15-11月-12','DD-MON-RR'),to_date('28-11月-15','DD-MON-RR'),1,'book_image/1448675319084selfhelp31.jpg',1,1,5,21,'待交换');
Insert into SYSTEM.BOOK (BID,BOOK_NAME,PRESS,AUTHOR,PUBLISH_TIME,UPLOAD_TIME,EDITION,BOOK_IMG,DEAL_TYPE,BOOK_STATE,CID,USID,DEAL_STATE) values (102,'自信何来','人民出版社','小乐',to_date('15-11月-12','DD-MON-RR'),to_date('28-11月-15','DD-MON-RR'),1,'book_image/1448675343045selfhelp32.jpg',1,1,5,21,'待交换');
Insert into SYSTEM.BOOK (BID,BOOK_NAME,PRESS,AUTHOR,PUBLISH_TIME,UPLOAD_TIME,EDITION,BOOK_IMG,DEAL_TYPE,BOOK_STATE,CID,USID,DEAL_STATE) values (103,'巧舌如簧','人民出版社','小乐',to_date('15-11月-12','DD-MON-RR'),to_date('28-11月-15','DD-MON-RR'),1,'book_image/1448675363840selfhelp33.jpg',1,1,5,21,'待交换');
Insert into SYSTEM.BOOK (BID,BOOK_NAME,PRESS,AUTHOR,PUBLISH_TIME,UPLOAD_TIME,EDITION,BOOK_IMG,DEAL_TYPE,BOOK_STATE,CID,USID,DEAL_STATE) values (104,'生气不如争气','人民出版社','小乐',to_date('15-11月-12','DD-MON-RR'),to_date('28-11月-15','DD-MON-RR'),1,'book_image/1448675390469selfhelp34.jpg',1,1,5,21,'待交换');
Insert into SYSTEM.BOOK (BID,BOOK_NAME,PRESS,AUTHOR,PUBLISH_TIME,UPLOAD_TIME,EDITION,BOOK_IMG,DEAL_TYPE,BOOK_STATE,CID,USID,DEAL_STATE) values (105,'像秘书一样行动','人民出版社','小乐',to_date('15-11月-12','DD-MON-RR'),to_date('28-11月-15','DD-MON-RR'),1,'book_image/1448675420796selfhelp35.jpg',1,1,5,21,'待交换');
Insert into SYSTEM.BOOK (BID,BOOK_NAME,PRESS,AUTHOR,PUBLISH_TIME,UPLOAD_TIME,EDITION,BOOK_IMG,DEAL_TYPE,BOOK_STATE,CID,USID,DEAL_STATE) values (106,'数学','人民出版社','小数',to_date('15-11月-12','DD-MON-RR'),to_date('28-11月-15','DD-MON-RR'),1,'book_image/1448675461450teach5.jpg',1,1,4,21,'待交换');
Insert into SYSTEM.BOOK (BID,BOOK_NAME,PRESS,AUTHOR,PUBLISH_TIME,UPLOAD_TIME,EDITION,BOOK_IMG,DEAL_TYPE,BOOK_STATE,CID,USID,DEAL_STATE) values (107,'大学物理教程','人民出版社','小数',to_date('15-11月-12','DD-MON-RR'),to_date('28-11月-15','DD-MON-RR'),1,'book_image/1448675488952teach3.jpg',1,1,4,21,'待交换');
Insert into SYSTEM.BOOK (BID,BOOK_NAME,PRESS,AUTHOR,PUBLISH_TIME,UPLOAD_TIME,EDITION,BOOK_IMG,DEAL_TYPE,BOOK_STATE,CID,USID,DEAL_STATE) values (108,'建筑工程安全管理','人民出版社','小数',to_date('15-11月-12','DD-MON-RR'),to_date('28-11月-15','DD-MON-RR'),1,'book_image/1448675514193teach4.jpg',1,1,4,21,'待交换');
Insert into SYSTEM.BOOK (BID,BOOK_NAME,PRESS,AUTHOR,PUBLISH_TIME,UPLOAD_TIME,EDITION,BOOK_IMG,DEAL_TYPE,BOOK_STATE,CID,USID,DEAL_STATE) values (109,'经济学专业英语教程','人民出版社','小数',to_date('15-11月-12','DD-MON-RR'),to_date('28-11月-15','DD-MON-RR'),1,'book_image/1448675548638teach2.jpg',1,1,4,21,'待交换');
Insert into SYSTEM.BOOK (BID,BOOK_NAME,PRESS,AUTHOR,PUBLISH_TIME,UPLOAD_TIME,EDITION,BOOK_IMG,DEAL_TYPE,BOOK_STATE,CID,USID,DEAL_STATE) values (110,'心花季','人民出版社','小花 ',to_date('15-11月-12','DD-MON-RR'),to_date('28-11月-15','DD-MON-RR'),1,'book_image/1448675609946classics1.jpg',1,1,6,21,'待交换');
Insert into SYSTEM.BOOK (BID,BOOK_NAME,PRESS,AUTHOR,PUBLISH_TIME,UPLOAD_TIME,EDITION,BOOK_IMG,DEAL_TYPE,BOOK_STATE,CID,USID,DEAL_STATE) values (111,'微型小说百年经典','人民出版社','小花 ',to_date('15-11月-12','DD-MON-RR'),to_date('28-11月-15','DD-MON-RR'),1,'book_image/1448675635015classics2.jpg',1,1,6,21,'待交换');
Insert into SYSTEM.BOOK (BID,BOOK_NAME,PRESS,AUTHOR,PUBLISH_TIME,UPLOAD_TIME,EDITION,BOOK_IMG,DEAL_TYPE,BOOK_STATE,CID,USID,DEAL_STATE) values (112,'都柏林人','人民出版社','小花 ',to_date('15-11月-12','DD-MON-RR'),to_date('28-11月-15','DD-MON-RR'),1,'book_image/1448675652690classics3.jpg',1,1,6,21,'待交换');
Insert into SYSTEM.BOOK (BID,BOOK_NAME,PRESS,AUTHOR,PUBLISH_TIME,UPLOAD_TIME,EDITION,BOOK_IMG,DEAL_TYPE,BOOK_STATE,CID,USID,DEAL_STATE) values (113,'一本书读完中外经典小说','人民出版社','小花 ',to_date('15-11月-12','DD-MON-RR'),to_date('28-11月-15','DD-MON-RR'),1,'book_image/1448675689850classics4.jpg',1,1,6,21,'待交换');
Insert into SYSTEM.BOOK (BID,BOOK_NAME,PRESS,AUTHOR,PUBLISH_TIME,UPLOAD_TIME,EDITION,BOOK_IMG,DEAL_TYPE,BOOK_STATE,CID,USID,DEAL_STATE) values (114,'侦探小说','人民出版社','小花 ',to_date('15-11月-12','DD-MON-RR'),to_date('28-11月-15','DD-MON-RR'),1,'book_image/1448675713530classics5.jpg',1,1,6,21,'待交换');
Insert into SYSTEM.BOOK (BID,BOOK_NAME,PRESS,AUTHOR,PUBLISH_TIME,UPLOAD_TIME,EDITION,BOOK_IMG,DEAL_TYPE,BOOK_STATE,CID,USID,DEAL_STATE) values (115,'经典小吃','人民出版社','小花 ',to_date('15-11月-12','DD-MON-RR'),to_date('28-11月-15','DD-MON-RR'),1,'book_image/1448675733608classics6.jpg',1,1,6,21,'待交换');
Insert into SYSTEM.BOOK (BID,BOOK_NAME,PRESS,AUTHOR,PUBLISH_TIME,UPLOAD_TIME,EDITION,BOOK_IMG,DEAL_TYPE,BOOK_STATE,CID,USID,DEAL_STATE) values (116,'假如给我三天光明','人民出版社','小花 ',to_date('15-11月-12','DD-MON-RR'),to_date('28-11月-15','DD-MON-RR'),1,'book_image/1448675764402classics7.jpg',1,1,6,21,'待交换');
Insert into SYSTEM.BOOK (BID,BOOK_NAME,PRESS,AUTHOR,PUBLISH_TIME,UPLOAD_TIME,EDITION,BOOK_IMG,DEAL_TYPE,BOOK_STATE,CID,USID,DEAL_STATE) values (117,'桑林报','人民出版社','小花 ',to_date('15-11月-12','DD-MON-RR'),to_date('28-11月-15','DD-MON-RR'),1,'book_image/1448675803199classics8.jpg',1,1,6,21,'待交换');
Insert into SYSTEM.BOOK (BID,BOOK_NAME,PRESS,AUTHOR,PUBLISH_TIME,UPLOAD_TIME,EDITION,BOOK_IMG,DEAL_TYPE,BOOK_STATE,CID,USID,DEAL_STATE) values (118,'俄国经典推理小说','人民出版社','小花 ',to_date('15-11月-12','DD-MON-RR'),to_date('28-11月-15','DD-MON-RR'),1,'book_image/1448675835304classics9.jpg',1,1,6,21,'待交换');
Insert into SYSTEM.BOOK (BID,BOOK_NAME,PRESS,AUTHOR,PUBLISH_TIME,UPLOAD_TIME,EDITION,BOOK_IMG,DEAL_TYPE,BOOK_STATE,CID,USID,DEAL_STATE) values (119,'红楼梦','人民出版社','曹雪芹',to_date('15-11月-12','DD-MON-RR'),to_date('28-11月-15','DD-MON-RR'),1,'book_image/1448675858969classics10.jpg',1,1,6,21,'待交换');
Insert into SYSTEM.BOOK (BID,BOOK_NAME,PRESS,AUTHOR,PUBLISH_TIME,UPLOAD_TIME,EDITION,BOOK_IMG,DEAL_TYPE,BOOK_STATE,CID,USID,DEAL_STATE) values (120,'中景小说','人民出版社','小可',to_date('15-11月-12','DD-MON-RR'),to_date('28-11月-15','DD-MON-RR'),1,'book_image/1448675903507classics11.jpg',1,1,6,21,'待交换');
Insert into SYSTEM.BOOK (BID,BOOK_NAME,PRESS,AUTHOR,PUBLISH_TIME,UPLOAD_TIME,EDITION,BOOK_IMG,DEAL_TYPE,BOOK_STATE,CID,USID,DEAL_STATE) values (121,'呼啸山庄','人民出版社','小可',to_date('15-11月-12','DD-MON-RR'),to_date('28-11月-15','DD-MON-RR'),1,'book_image/1448675920621classics12.jpg',1,1,6,21,'待交换');
Insert into SYSTEM.BOOK (BID,BOOK_NAME,PRESS,AUTHOR,PUBLISH_TIME,UPLOAD_TIME,EDITION,BOOK_IMG,DEAL_TYPE,BOOK_STATE,CID,USID,DEAL_STATE) values (122,'货币战争','人民出版社','小可',to_date('15-11月-12','DD-MON-RR'),to_date('28-11月-15','DD-MON-RR'),1,'book_image/1448675941369classics13.jpg',1,1,6,21,'待交换');
Insert into SYSTEM.BOOK (BID,BOOK_NAME,PRESS,AUTHOR,PUBLISH_TIME,UPLOAD_TIME,EDITION,BOOK_IMG,DEAL_TYPE,BOOK_STATE,CID,USID,DEAL_STATE) values (123,'智谋书','人民出版社','小可',to_date('15-11月-12','DD-MON-RR'),to_date('28-11月-15','DD-MON-RR'),1,'book_image/1448675966017classics14.jpg',1,1,6,21,'待交换');
Insert into SYSTEM.BOOK (BID,BOOK_NAME,PRESS,AUTHOR,PUBLISH_TIME,UPLOAD_TIME,EDITION,BOOK_IMG,DEAL_TYPE,BOOK_STATE,CID,USID,DEAL_STATE) values (124,'世界经典','人民出版社','小可',to_date('15-11月-12','DD-MON-RR'),to_date('28-11月-15','DD-MON-RR'),1,'book_image/1448675989074classics16.jpg',1,1,6,21,'待交换');
Insert into SYSTEM.BOOK (BID,BOOK_NAME,PRESS,AUTHOR,PUBLISH_TIME,UPLOAD_TIME,EDITION,BOOK_IMG,DEAL_TYPE,BOOK_STATE,CID,USID,DEAL_STATE) values (125,'世界经典','人民出版社','小可',to_date('15-11月-12','DD-MON-RR'),to_date('28-11月-15','DD-MON-RR'),2,'book_image/1448676002131classics15.jpg',1,1,6,21,'待交换');
Insert into SYSTEM.BOOK (BID,BOOK_NAME,PRESS,AUTHOR,PUBLISH_TIME,UPLOAD_TIME,EDITION,BOOK_IMG,DEAL_TYPE,BOOK_STATE,CID,USID,DEAL_STATE) values (126,'大鼻子','人民出版社','小可',to_date('15-11月-12','DD-MON-RR'),to_date('28-11月-15','DD-MON-RR'),2,'book_image/1448676052441children1.jpg',1,1,7,21,'待交换');
Insert into SYSTEM.BOOK (BID,BOOK_NAME,PRESS,AUTHOR,PUBLISH_TIME,UPLOAD_TIME,EDITION,BOOK_IMG,DEAL_TYPE,BOOK_STATE,CID,USID,DEAL_STATE) values (127,'三字经','人民出版社','小可',to_date('15-11月-12','DD-MON-RR'),to_date('28-11月-15','DD-MON-RR'),2,'book_image/1448676065327children2.jpg',1,1,7,21,'待交换');
Insert into SYSTEM.BOOK (BID,BOOK_NAME,PRESS,AUTHOR,PUBLISH_TIME,UPLOAD_TIME,EDITION,BOOK_IMG,DEAL_TYPE,BOOK_STATE,CID,USID,DEAL_STATE) values (128,'奇妙的数文图','人民出版社','小可',to_date('15-11月-12','DD-MON-RR'),to_date('28-11月-15','DD-MON-RR'),2,'book_image/1448676093266children3.jpg',1,1,7,21,'待交换');
Insert into SYSTEM.BOOK (BID,BOOK_NAME,PRESS,AUTHOR,PUBLISH_TIME,UPLOAD_TIME,EDITION,BOOK_IMG,DEAL_TYPE,BOOK_STATE,CID,USID,DEAL_STATE) values (129,'社会是什么','人民出版社','小可',to_date('15-11月-12','DD-MON-RR'),to_date('28-11月-15','DD-MON-RR'),2,'book_image/1448676118725children4.jpg',1,1,7,21,'待交换');
Insert into SYSTEM.BOOK (BID,BOOK_NAME,PRESS,AUTHOR,PUBLISH_TIME,UPLOAD_TIME,EDITION,BOOK_IMG,DEAL_TYPE,BOOK_STATE,CID,USID,DEAL_STATE) values (130,'公主','人民出版社','小可',to_date('15-11月-12','DD-MON-RR'),to_date('28-11月-15','DD-MON-RR'),2,'book_image/1448676146212children5.jpg',0,1,7,21,'待交换');
Insert into SYSTEM.BOOK (BID,BOOK_NAME,PRESS,AUTHOR,PUBLISH_TIME,UPLOAD_TIME,EDITION,BOOK_IMG,DEAL_TYPE,BOOK_STATE,CID,USID,DEAL_STATE) values (131,'三岁百科图书','人民出版社','小可',to_date('15-11月-12','DD-MON-RR'),to_date('28-11月-15','DD-MON-RR'),2,'book_image/1448676165603children6.jpg',0,1,7,21,'待交换');
Insert into SYSTEM.BOOK (BID,BOOK_NAME,PRESS,AUTHOR,PUBLISH_TIME,UPLOAD_TIME,EDITION,BOOK_IMG,DEAL_TYPE,BOOK_STATE,CID,USID,DEAL_STATE) values (132,'历史故事','人民出版社','小可',to_date('15-11月-12','DD-MON-RR'),to_date('28-11月-15','DD-MON-RR'),2,'book_image/1448676178411children7.jpg',0,1,7,21,'待交换');
Insert into SYSTEM.BOOK (BID,BOOK_NAME,PRESS,AUTHOR,PUBLISH_TIME,UPLOAD_TIME,EDITION,BOOK_IMG,DEAL_TYPE,BOOK_STATE,CID,USID,DEAL_STATE) values (133,'希腊寻宝记','人民出版社','小可',to_date('15-11月-12','DD-MON-RR'),to_date('28-11月-15','DD-MON-RR'),2,'book_image/1448676196039children8.jpg',0,1,7,21,'待交换');
Insert into SYSTEM.BOOK (BID,BOOK_NAME,PRESS,AUTHOR,PUBLISH_TIME,UPLOAD_TIME,EDITION,BOOK_IMG,DEAL_TYPE,BOOK_STATE,CID,USID,DEAL_STATE) values (134,'睡前小故事','人民出版社','小可',to_date('15-11月-12','DD-MON-RR'),to_date('28-11月-15','DD-MON-RR'),2,'book_image/1448676218081children10.jpg',0,1,7,21,'待交换');
Insert into SYSTEM.BOOK (BID,BOOK_NAME,PRESS,AUTHOR,PUBLISH_TIME,UPLOAD_TIME,EDITION,BOOK_IMG,DEAL_TYPE,BOOK_STATE,CID,USID,DEAL_STATE) values (135,'动脑能力','人民出版社','小可',to_date('15-11月-12','DD-MON-RR'),to_date('28-11月-15','DD-MON-RR'),2,'book_image/1448676240842children11.jpg',0,1,7,21,'待交换');
Insert into SYSTEM.BOOK (BID,BOOK_NAME,PRESS,AUTHOR,PUBLISH_TIME,UPLOAD_TIME,EDITION,BOOK_IMG,DEAL_TYPE,BOOK_STATE,CID,USID,DEAL_STATE) values (136,'少儿家庭教育','人民出版社','小可',to_date('15-11月-12','DD-MON-RR'),to_date('28-11月-15','DD-MON-RR'),2,'book_image/1448676271418children12.jpg',0,1,7,21,'待交换');
Insert into SYSTEM.BOOK (BID,BOOK_NAME,PRESS,AUTHOR,PUBLISH_TIME,UPLOAD_TIME,EDITION,BOOK_IMG,DEAL_TYPE,BOOK_STATE,CID,USID,DEAL_STATE) values (137,'自然灾害','人民出版社','小可',to_date('15-11月-12','DD-MON-RR'),to_date('28-11月-15','DD-MON-RR'),2,'book_image/1448676289545children13.jpg',0,1,7,21,'待交换');
Insert into SYSTEM.BOOK (BID,BOOK_NAME,PRESS,AUTHOR,PUBLISH_TIME,UPLOAD_TIME,EDITION,BOOK_IMG,DEAL_TYPE,BOOK_STATE,CID,USID,DEAL_STATE) values (138,'休闲如此简单','人民出版社','小可',to_date('15-11月-12','DD-MON-RR'),to_date('28-11月-15','DD-MON-RR'),2,'book_image/1448676321759life1.jpg',0,1,8,21,'待交换');
Insert into SYSTEM.BOOK (BID,BOOK_NAME,PRESS,AUTHOR,PUBLISH_TIME,UPLOAD_TIME,EDITION,BOOK_IMG,DEAL_TYPE,BOOK_STATE,CID,USID,DEAL_STATE) values (139,'一个人的旅游','人民出版社','小可',to_date('15-11月-12','DD-MON-RR'),to_date('28-11月-15','DD-MON-RR'),2,'book_image/1448676348591life2.jpg',0,1,8,21,'待交换');
Insert into SYSTEM.BOOK (BID,BOOK_NAME,PRESS,AUTHOR,PUBLISH_TIME,UPLOAD_TIME,EDITION,BOOK_IMG,DEAL_TYPE,BOOK_STATE,CID,USID,DEAL_STATE) values (140,'家常菜','人民出版社','小可',to_date('15-11月-12','DD-MON-RR'),to_date('28-11月-15','DD-MON-RR'),2,'book_image/1448676363567life3.jpg',0,2,8,21,'待交换');
Insert into SYSTEM.BOOK (BID,BOOK_NAME,PRESS,AUTHOR,PUBLISH_TIME,UPLOAD_TIME,EDITION,BOOK_IMG,DEAL_TYPE,BOOK_STATE,CID,USID,DEAL_STATE) values (141,'生活','人民出版社','小可',to_date('15-11月-12','DD-MON-RR'),to_date('28-11月-15','DD-MON-RR'),2,'book_image/1448676375439life4.jpg',0,1,8,21,'待交换');
Insert into SYSTEM.BOOK (BID,BOOK_NAME,PRESS,AUTHOR,PUBLISH_TIME,UPLOAD_TIME,EDITION,BOOK_IMG,DEAL_TYPE,BOOK_STATE,CID,USID,DEAL_STATE) values (142,'生活窍门','人民出版社','小可',to_date('15-11月-12','DD-MON-RR'),to_date('28-11月-15','DD-MON-RR'),2,'book_image/1448676387513life5.jpg',0,1,8,21,'待交换');
Insert into SYSTEM.BOOK (BID,BOOK_NAME,PRESS,AUTHOR,PUBLISH_TIME,UPLOAD_TIME,EDITION,BOOK_IMG,DEAL_TYPE,BOOK_STATE,CID,USID,DEAL_STATE) values (143,'休闲娱乐','人民出版社','小可',to_date('15-11月-12','DD-MON-RR'),to_date('28-11月-15','DD-MON-RR'),2,'book_image/1448676400758life6.jpg',0,1,8,21,'待交换');
Insert into SYSTEM.BOOK (BID,BOOK_NAME,PRESS,AUTHOR,PUBLISH_TIME,UPLOAD_TIME,EDITION,BOOK_IMG,DEAL_TYPE,BOOK_STATE,CID,USID,DEAL_STATE) values (144,'生活常识','人民出版社','小可',to_date('15-11月-12','DD-MON-RR'),to_date('28-11月-15','DD-MON-RR'),2,'book_image/1448676425827life7.jpg',0,1,8,21,'待交换');
Insert into SYSTEM.BOOK (BID,BOOK_NAME,PRESS,AUTHOR,PUBLISH_TIME,UPLOAD_TIME,EDITION,BOOK_IMG,DEAL_TYPE,BOOK_STATE,CID,USID,DEAL_STATE) values (145,'生活英语','人民出版社','小可',to_date('15-11月-12','DD-MON-RR'),to_date('28-11月-15','DD-MON-RR'),2,'book_image/1448676439617life8.jpg',0,1,8,21,'待交换');
Insert into SYSTEM.BOOK (BID,BOOK_NAME,PRESS,AUTHOR,PUBLISH_TIME,UPLOAD_TIME,EDITION,BOOK_IMG,DEAL_TYPE,BOOK_STATE,CID,USID,DEAL_STATE) values (146,'你的家园之梦','人民出版社','小可',to_date('15-11月-12','DD-MON-RR'),to_date('28-11月-15','DD-MON-RR'),2,'book_image/1448676458493life9.jpg',1,1,8,21,'待交换');
Insert into SYSTEM.BOOK (BID,BOOK_NAME,PRESS,AUTHOR,PUBLISH_TIME,UPLOAD_TIME,EDITION,BOOK_IMG,DEAL_TYPE,BOOK_STATE,CID,USID,DEAL_STATE) values (147,'体育与健康','人民出版社','小可',to_date('15-11月-12','DD-MON-RR'),to_date('28-11月-15','DD-MON-RR'),2,'book_image/1448676483875life10.jpg',0,1,8,21,'待交换');
Insert into SYSTEM.BOOK (BID,BOOK_NAME,PRESS,AUTHOR,PUBLISH_TIME,UPLOAD_TIME,EDITION,BOOK_IMG,DEAL_TYPE,BOOK_STATE,CID,USID,DEAL_STATE) values (148,'外卖','人民出版社','小可',to_date('15-11月-12','DD-MON-RR'),to_date('28-11月-15','DD-MON-RR'),2,'book_image/1448676503281life11.jpg',0,1,8,21,'待交换');
Insert into SYSTEM.BOOK (BID,BOOK_NAME,PRESS,AUTHOR,PUBLISH_TIME,UPLOAD_TIME,EDITION,BOOK_IMG,DEAL_TYPE,BOOK_STATE,CID,USID,DEAL_STATE) values (149,'时尚百物','人民出版社','小可',to_date('15-11月-12','DD-MON-RR'),to_date('28-11月-15','DD-MON-RR'),2,'book_image/1448676521455life12.jpg',0,1,8,21,'待交换');
Insert into SYSTEM.BOOK (BID,BOOK_NAME,PRESS,AUTHOR,PUBLISH_TIME,UPLOAD_TIME,EDITION,BOOK_IMG,DEAL_TYPE,BOOK_STATE,CID,USID,DEAL_STATE) values (150,'生活风水','人民出版社','小可',to_date('15-11月-12','DD-MON-RR'),to_date('28-11月-15','DD-MON-RR'),2,'book_image/1448676535714life13.jpg',0,1,8,21,'待交换');
Insert into SYSTEM.BOOK (BID,BOOK_NAME,PRESS,AUTHOR,PUBLISH_TIME,UPLOAD_TIME,EDITION,BOOK_IMG,DEAL_TYPE,BOOK_STATE,CID,USID,DEAL_STATE) values (151,'法国人过生活','人民出版社','小可',to_date('15-11月-12','DD-MON-RR'),to_date('28-11月-15','DD-MON-RR'),2,'book_image/1448676569628other1.jpg',0,1,9,21,'待交换');
Insert into SYSTEM.BOOK (BID,BOOK_NAME,PRESS,AUTHOR,PUBLISH_TIME,UPLOAD_TIME,EDITION,BOOK_IMG,DEAL_TYPE,BOOK_STATE,CID,USID,DEAL_STATE) values (152,'畅游首尔','人民出版社','小可',to_date('15-11月-12','DD-MON-RR'),to_date('28-11月-15','DD-MON-RR'),2,'book_image/1448676587662other2.jpg',0,1,9,21,'待交换');
Insert into SYSTEM.BOOK (BID,BOOK_NAME,PRESS,AUTHOR,PUBLISH_TIME,UPLOAD_TIME,EDITION,BOOK_IMG,DEAL_TYPE,BOOK_STATE,CID,USID,DEAL_STATE) values (153,'美学散步','人民出版社','小可',to_date('15-11月-12','DD-MON-RR'),to_date('28-11月-15','DD-MON-RR'),2,'book_image/1448676602217other3.jpg',0,1,9,21,'待交换');
Insert into SYSTEM.BOOK (BID,BOOK_NAME,PRESS,AUTHOR,PUBLISH_TIME,UPLOAD_TIME,EDITION,BOOK_IMG,DEAL_TYPE,BOOK_STATE,CID,USID,DEAL_STATE) values (154,'JAVA','电邮出版社','小明',to_date('05-11月-15','DD-MON-RR'),to_date('28-11月-15','DD-MON-RR'),1,'book_image/144868064676920928547-1_b.jpg',1,0,2,21,'待交换');
Insert into SYSTEM.BOOK (BID,BOOK_NAME,PRESS,AUTHOR,PUBLISH_TIME,UPLOAD_TIME,EDITION,BOOK_IMG,DEAL_TYPE,BOOK_STATE,CID,USID,DEAL_STATE) values (161,'jquery','人名出版社','未知',to_date('02-11月-15','DD-MON-RR'),to_date('30-11月-15','DD-MON-RR'),1,'book_image/144885139457722910975-1_b.jpg',1,0,2,41,'待交换');
Insert into SYSTEM.BOOK (BID,BOOK_NAME,PRESS,AUTHOR,PUBLISH_TIME,UPLOAD_TIME,EDITION,BOOK_IMG,DEAL_TYPE,BOOK_STATE,CID,USID,DEAL_STATE) values (162,'bbb','dd','bb',to_date('03-11月-15','DD-MON-RR'),to_date('30-11月-15','DD-MON-RR'),2,'book_image/1448863287255head8.jpg',1,1,3,42,'待交换');
REM INSERTING into SYSTEM.CATEGORY
SET DEFINE OFF;
Insert into SYSTEM.CATEGORY (CID,CATEGORY_NAME) values (1,'经济理论');
Insert into SYSTEM.CATEGORY (CID,CATEGORY_NAME) values (2,'计算机技术');
Insert into SYSTEM.CATEGORY (CID,CATEGORY_NAME) values (3,'哲学类');
Insert into SYSTEM.CATEGORY (CID,CATEGORY_NAME) values (4,'教科类');
Insert into SYSTEM.CATEGORY (CID,CATEGORY_NAME) values (5,'励志类');
Insert into SYSTEM.CATEGORY (CID,CATEGORY_NAME) values (6,'经典小说');
Insert into SYSTEM.CATEGORY (CID,CATEGORY_NAME) values (7,'少儿读物');
Insert into SYSTEM.CATEGORY (CID,CATEGORY_NAME) values (8,'生活休闲类');
Insert into SYSTEM.CATEGORY (CID,CATEGORY_NAME) values (9,'其他');
REM INSERTING into SYSTEM.REMARK
SET DEFINE OFF;
Insert into SYSTEM.REMARK (RID,REMARK_TIME,CONTENT,USID,BID,REMARK_STATE) values (1,to_date('21-11月-15','DD-MON-RR'),'nigebendan',1,1,1);
Insert into SYSTEM.REMARK (RID,REMARK_TIME,CONTENT,USID,BID,REMARK_STATE) values (21,to_date('26-11月-15','DD-MON-RR'),'fdgdg',1,1,0);
Insert into SYSTEM.REMARK (RID,REMARK_TIME,CONTENT,USID,BID,REMARK_STATE) values (22,to_date('26-11月-15','DD-MON-RR'),'fdgdg',1,1,1);
Insert into SYSTEM.REMARK (RID,REMARK_TIME,CONTENT,USID,BID,REMARK_STATE) values (23,to_date('26-11月-15','DD-MON-RR'),'jgfhg',1,1,1);
Insert into SYSTEM.REMARK (RID,REMARK_TIME,CONTENT,USID,BID,REMARK_STATE) values (24,to_date('26-11月-15','DD-MON-RR'),'jgfhgsfff',1,1,0);
Insert into SYSTEM.REMARK (RID,REMARK_TIME,CONTENT,USID,BID,REMARK_STATE) values (25,to_date('26-11月-15','DD-MON-RR'),'jgfhgsfffsdf',1,1,1);
Insert into SYSTEM.REMARK (RID,REMARK_TIME,CONTENT,USID,BID,REMARK_STATE) values (26,to_date('26-11月-15','DD-MON-RR'),'gfhgfh',1,1,1);
Insert into SYSTEM.REMARK (RID,REMARK_TIME,CONTENT,USID,BID,REMARK_STATE) values (27,to_date('26-11月-15','DD-MON-RR'),'gfhgfh',1,1,1);
Insert into SYSTEM.REMARK (RID,REMARK_TIME,CONTENT,USID,BID,REMARK_STATE) values (28,to_date('26-11月-15','DD-MON-RR'),'gfhgfh',1,1,1);
Insert into SYSTEM.REMARK (RID,REMARK_TIME,CONTENT,USID,BID,REMARK_STATE) values (29,to_date('26-11月-15','DD-MON-RR'),'gfhgfh',1,1,1);
Insert into SYSTEM.REMARK (RID,REMARK_TIME,CONTENT,USID,BID,REMARK_STATE) values (30,to_date('26-11月-15','DD-MON-RR'),'we',1,1,1);
Insert into SYSTEM.REMARK (RID,REMARK_TIME,CONTENT,USID,BID,REMARK_STATE) values (41,to_date('28-11月-15','DD-MON-RR'),'如果你一直在努力的改变自己，有一天，你会突然发现，世界因你的改变而突然全变了样――这才是大智慧的美丽人生。',21,21,0);
Insert into SYSTEM.REMARK (RID,REMARK_TIME,CONTENT,USID,BID,REMARK_STATE) values (42,to_date('28-11月-15','DD-MON-RR'),'如果你一直在努力的改变自己，有一天，你会突然发现，世界因你的改变而突然全变了样――这才是大智慧的美丽人生。',21,21,0);
Insert into SYSTEM.REMARK (RID,REMARK_TIME,CONTENT,USID,BID,REMARK_STATE) values (43,to_date('28-11月-15','DD-MON-RR'),'如果你一直在努力的改变自己，有一天，你会突然发现，世界因你的改变而突然全变了样――这才是大智慧的美丽人生。',21,21,0);
Insert into SYSTEM.REMARK (RID,REMARK_TIME,CONTENT,USID,BID,REMARK_STATE) values (44,to_date('28-11月-15','DD-MON-RR'),'如果你一直在努力的改变自己，有一天，你会突然发现，世界因你的改变而突然全变了样――这才是大智慧的美丽人生。',21,21,0);
Insert into SYSTEM.REMARK (RID,REMARK_TIME,CONTENT,USID,BID,REMARK_STATE) values (45,to_date('28-11月-15','DD-MON-RR'),'如果你一直在努力的改变自己，有一天，你会突然发现，世界因你的改变而突然全变了样――这才是大智慧的美丽人生。',21,21,0);
Insert into SYSTEM.REMARK (RID,REMARK_TIME,CONTENT,USID,BID,REMARK_STATE) values (46,to_date('28-11月-15','DD-MON-RR'),'如果你一直在努力的改变自己，有一天，你会突然发现，世界因你的改变而突然全变了样――这才是大智慧的美丽人生。',21,21,0);
Insert into SYSTEM.REMARK (RID,REMARK_TIME,CONTENT,USID,BID,REMARK_STATE) values (47,to_date('28-11月-15','DD-MON-RR'),'如果你一直在努力的改变自己，有一天，你会突然发现，世界因你的改变而突然全变了样――这才是大智慧的美丽人生。',21,21,0);
Insert into SYSTEM.REMARK (RID,REMARK_TIME,CONTENT,USID,BID,REMARK_STATE) values (48,to_date('28-11月-15','DD-MON-RR'),'如果你一直在努力的改变自己，有一天，你会突然发现，世界因你的改变而突然全变了样――这才是大智慧的美丽人生。',21,21,0);
Insert into SYSTEM.REMARK (RID,REMARK_TIME,CONTENT,USID,BID,REMARK_STATE) values (49,to_date('28-11月-15','DD-MON-RR'),'如果你一直在努力的改变自己，有一天，你会突然发现，世界因你的改变而突然全变了样――这才是大智慧的美丽人生。',21,21,0);
Insert into SYSTEM.REMARK (RID,REMARK_TIME,CONTENT,USID,BID,REMARK_STATE) values (50,to_date('28-11月-15','DD-MON-RR'),'如果你一直在努力的改变自己，有一天，你会突然发现，世界因你的改变而突然全变了样――这才是大智慧的美丽人生。',21,21,0);
Insert into SYSTEM.REMARK (RID,REMARK_TIME,CONTENT,USID,BID,REMARK_STATE) values (51,to_date('28-11月-15','DD-MON-RR'),'如果你一直在努力的改变自己，有一天，你会突然发现，世界因你的改变而突然全变了样――这才是大智慧的美丽人生。',21,21,0);
Insert into SYSTEM.REMARK (RID,REMARK_TIME,CONTENT,USID,BID,REMARK_STATE) values (52,to_date('28-11月-15','DD-MON-RR'),'你的生活是你一生唯一的创造，不能抹平重建，即使只有一天可活，那一天也要活得优美、高贵。时刻在心中记住这句话：“生活是自己创造的。”如果改变不了世界，不要生气，主伐改变自己。改变自己的思想与行动吧。',21,21,0);
Insert into SYSTEM.REMARK (RID,REMARK_TIME,CONTENT,USID,BID,REMARK_STATE) values (53,to_date('28-11月-15','DD-MON-RR'),'你的生活是你一生唯一的创造，不能抹平重建，即使只有一天可活，那一天也要活得优美、高贵。时刻在心中记住这句话：“生活是自己创造的。”如果改变不了世界，不要生气，主伐改变自己。改变自己的思想与行动吧。',21,21,0);
Insert into SYSTEM.REMARK (RID,REMARK_TIME,CONTENT,USID,BID,REMARK_STATE) values (54,to_date('28-11月-15','DD-MON-RR'),'你的生活是你一生唯一的创造，不能抹平重建，即使只有一天可活，那一天也要活得优美、高贵。时刻在心中记住这句话：“生活是自己创造的。”如果改变不了世界，不要生气，主伐改变自己。改变自己的思想与行动吧。',21,21,0);
Insert into SYSTEM.REMARK (RID,REMARK_TIME,CONTENT,USID,BID,REMARK_STATE) values (55,to_date('28-11月-15','DD-MON-RR'),'“人生最可悲的并非失去四肢，而是没有生存希望及目标！人们经常埋怨什么也做不来，但如果我们只记挂着想拥有或欠缺的东西，而不去珍惜所拥有的，那根本改变不了问题！真正改变命运的，并不是我们的机遇，而是我们的态度。”',21,74,0);
Insert into SYSTEM.REMARK (RID,REMARK_TIME,CONTENT,USID,BID,REMARK_STATE) values (56,to_date('28-11月-15','DD-MON-RR'),'“人生的遭遇难以控制，有些事情不是你的错，也不是你可以阻止的。你能选择的不是放弃，而是继续努力争取更好的生活。”',21,74,0);
Insert into SYSTEM.REMARK (RID,REMARK_TIME,CONTENT,USID,BID,REMARK_STATE) values (57,to_date('28-11月-15','DD-MON-RR'),'“你不能放弃梦想，但是可以改变方向，因为你不知道在人生的拐角处会遇到什么。”',21,74,0);
Insert into SYSTEM.REMARK (RID,REMARK_TIME,CONTENT,USID,BID,REMARK_STATE) values (58,to_date('28-11月-15','DD-MON-RR'),'虽然环境不能改变，但你却可以改变自己的心，改变你看待自己人生的眼光，让我有机会拥抱你，希望透过我自己的故事来激励你。梦想更大，永不放弃！',21,74,0);
Insert into SYSTEM.REMARK (RID,REMARK_TIME,CONTENT,USID,BID,REMARK_STATE) values (59,to_date('28-11月-15','DD-MON-RR'),'虽然环境不能改变，但你却可以改变自己的心，改变你看待自己人生的眼光，让我有机会拥抱你，希望透过我自己的故事来激励你。梦想更大，永不放弃！',21,74,0);
Insert into SYSTEM.REMARK (RID,REMARK_TIME,CONTENT,USID,BID,REMARK_STATE) values (60,to_date('28-11月-15','DD-MON-RR'),'“如果发现自己不能创造奇迹，那就努力让自己变成一个奇迹。”',21,74,0);
Insert into SYSTEM.REMARK (RID,REMARK_TIME,CONTENT,USID,BID,REMARK_STATE) values (61,to_date('28-11月-15','DD-MON-RR'),'人生最可悲的并非失去四肢，而是没有生存希望及目标！人们经常埋怨什么也做不来，但如果我们只记挂着想拥有或欠缺的东西，而不去珍惜所拥有的，那根本改变不了问题！真正改变命运的，并不是我们的机遇，而是我们的态度。”',21,74,0);
Insert into SYSTEM.REMARK (RID,REMARK_TIME,CONTENT,USID,BID,REMARK_STATE) values (62,to_date('28-11月-15','DD-MON-RR'),'虽然环境不能改变，但你却可以改变自己的心，改变你看待自己人生的眼光，让我有机会拥抱你，希望透过我自己的故事来激励你。梦想更大，永不放弃！',21,74,0);
Insert into SYSTEM.REMARK (RID,REMARK_TIME,CONTENT,USID,BID,REMARK_STATE) values (63,to_date('28-11月-15','DD-MON-RR'),'如果你一直在努力的改变自己，有一天，你会突然发现，世界因你的改变而突然全变了样――这才是大智慧的美丽人生。',21,78,0);
Insert into SYSTEM.REMARK (RID,REMARK_TIME,CONTENT,USID,BID,REMARK_STATE) values (64,to_date('28-11月-15','DD-MON-RR'),'如果你一直在努力的改变自己，有一天，你会突然发现，世界因你的改变而突然全变了样――这才是大智慧的美丽人生。',21,78,0);
Insert into SYSTEM.REMARK (RID,REMARK_TIME,CONTENT,USID,BID,REMARK_STATE) values (65,to_date('28-11月-15','DD-MON-RR'),'如果你一直在努力的改变自己，有一天，你会突然发现，世界因你的改变而突然全变了样――这才是大智慧的美丽人生。',21,78,0);
Insert into SYSTEM.REMARK (RID,REMARK_TIME,CONTENT,USID,BID,REMARK_STATE) values (66,to_date('28-11月-15','DD-MON-RR'),'如果你一直在努力的改变自己，有一天，你会突然发现，世界因你的改变而突然全变了样――这才是大智慧的美丽人生。',21,78,0);
Insert into SYSTEM.REMARK (RID,REMARK_TIME,CONTENT,USID,BID,REMARK_STATE) values (67,to_date('28-11月-15','DD-MON-RR'),'世界上的许多事你都无法改变！　　能够改变的只有你自己！',21,78,0);
Insert into SYSTEM.REMARK (RID,REMARK_TIME,CONTENT,USID,BID,REMARK_STATE) values (68,to_date('28-11月-15','DD-MON-RR'),'没读过唉，不知道好不好',21,153,0);
Insert into SYSTEM.REMARK (RID,REMARK_TIME,CONTENT,USID,BID,REMARK_STATE) values (81,to_date('30-11月-15','DD-MON-RR'),'值得一看',41,22,0);
Insert into SYSTEM.REMARK (RID,REMARK_TIME,CONTENT,USID,BID,REMARK_STATE) values (82,to_date('30-11月-15','DD-MON-RR'),'写的很好哦',41,28,0);
Insert into SYSTEM.REMARK (RID,REMARK_TIME,CONTENT,USID,BID,REMARK_STATE) values (83,to_date('30-11月-15','DD-MON-RR'),'挺好',42,98,0);
REM INSERTING into SYSTEM.USER_INFO
SET DEFINE OFF;
Insert into SYSTEM.USER_INFO (USID,LOGIN_NAME,PASSWORD,NICK_NAME,EMAIL,PHONE,ADDRESS,ACTIVE_CODE,STATE,HEAD_IMG,NOFUNC) values (1,'bbb','bbb','bbb','bbb@sharebook.com','13524678900','上海','null',1,'images/head.jpg',1);
Insert into SYSTEM.USER_INFO (USID,LOGIN_NAME,PASSWORD,NICK_NAME,EMAIL,PHONE,ADDRESS,ACTIVE_CODE,STATE,HEAD_IMG,NOFUNC) values (21,'张三','123456','小张','aaa@sharebook.com','13245678900','山西','null',1,'headImg/1447842303324head1.jpg',0);
Insert into SYSTEM.USER_INFO (USID,LOGIN_NAME,PASSWORD,NICK_NAME,EMAIL,PHONE,ADDRESS,ACTIVE_CODE,STATE,HEAD_IMG,NOFUNC) values (22,'李四','123456','小李','aaa@sharebook.com','13245678900','上海','null',1,'images/head.jpg',0);
Insert into SYSTEM.USER_INFO (USID,LOGIN_NAME,PASSWORD,NICK_NAME,EMAIL,PHONE,ADDRESS,ACTIVE_CODE,STATE,HEAD_IMG,NOFUNC) values (41,'小刘','123456','小刘','aaa@sharebook.com','14235678900','山西','null',1,'headImg/1448852456122head7.jpg',0);
Insert into SYSTEM.USER_INFO (USID,LOGIN_NAME,PASSWORD,NICK_NAME,EMAIL,PHONE,ADDRESS,ACTIVE_CODE,STATE,HEAD_IMG,NOFUNC) values (42,'小五','123456','小五','ccc@sharebook.com','13245678900','上海','null',1,'headImg/1448887932710head11.jpg',0);
--------------------------------------------------------
--  DDL for Index SYS_C009656
--------------------------------------------------------

  CREATE UNIQUE INDEX "SYSTEM"."SYS_C009656" ON "SYSTEM"."ADMIN" ("AID") 
  PCTFREE 10 INITRANS 2 MAXTRANS 255 COMPUTE STATISTICS 
  STORAGE(INITIAL 65536 NEXT 1048576 MINEXTENTS 1 MAXEXTENTS 2147483645
  PCTINCREASE 0 FREELISTS 1 FREELIST GROUPS 1 BUFFER_POOL DEFAULT)
  TABLESPACE "SYSTEM" ;
--------------------------------------------------------
--  DDL for Index SYS_C009650
--------------------------------------------------------

  CREATE UNIQUE INDEX "SYSTEM"."SYS_C009650" ON "SYSTEM"."BOOK" ("BID") 
  PCTFREE 10 INITRANS 2 MAXTRANS 255 COMPUTE STATISTICS 
  STORAGE(INITIAL 65536 NEXT 1048576 MINEXTENTS 1 MAXEXTENTS 2147483645
  PCTINCREASE 0 FREELISTS 1 FREELIST GROUPS 1 BUFFER_POOL DEFAULT)
  TABLESPACE "SYSTEM" ;
--------------------------------------------------------
--  DDL for Index SYS_C009649
--------------------------------------------------------

  CREATE UNIQUE INDEX "SYSTEM"."SYS_C009649" ON "SYSTEM"."CATEGORY" ("CID") 
  PCTFREE 10 INITRANS 2 MAXTRANS 255 COMPUTE STATISTICS 
  STORAGE(INITIAL 65536 NEXT 1048576 MINEXTENTS 1 MAXEXTENTS 2147483645
  PCTINCREASE 0 FREELISTS 1 FREELIST GROUPS 1 BUFFER_POOL DEFAULT)
  TABLESPACE "SYSTEM" ;
--------------------------------------------------------
--  DDL for Index SYS_C009653
--------------------------------------------------------

  CREATE UNIQUE INDEX "SYSTEM"."SYS_C009653" ON "SYSTEM"."REMARK" ("RID") 
  PCTFREE 10 INITRANS 2 MAXTRANS 255 COMPUTE STATISTICS 
  STORAGE(INITIAL 65536 NEXT 1048576 MINEXTENTS 1 MAXEXTENTS 2147483645
  PCTINCREASE 0 FREELISTS 1 FREELIST GROUPS 1 BUFFER_POOL DEFAULT)
  TABLESPACE "SYSTEM" ;
--------------------------------------------------------
--  DDL for Index SYS_C009648
--------------------------------------------------------

  CREATE UNIQUE INDEX "SYSTEM"."SYS_C009648" ON "SYSTEM"."USER_INFO" ("USID") 
  PCTFREE 10 INITRANS 2 MAXTRANS 255 COMPUTE STATISTICS 
  STORAGE(INITIAL 65536 NEXT 1048576 MINEXTENTS 1 MAXEXTENTS 2147483645
  PCTINCREASE 0 FREELISTS 1 FREELIST GROUPS 1 BUFFER_POOL DEFAULT)
  TABLESPACE "SYSTEM" ;
--------------------------------------------------------
--  Constraints for Table ADMIN
--------------------------------------------------------

  ALTER TABLE "SYSTEM"."ADMIN" ADD PRIMARY KEY ("AID")
  USING INDEX PCTFREE 10 INITRANS 2 MAXTRANS 255 COMPUTE STATISTICS 
  STORAGE(INITIAL 65536 NEXT 1048576 MINEXTENTS 1 MAXEXTENTS 2147483645
  PCTINCREASE 0 FREELISTS 1 FREELIST GROUPS 1 BUFFER_POOL DEFAULT)
  TABLESPACE "SYSTEM"  ENABLE;
--------------------------------------------------------
--  Constraints for Table BOOK
--------------------------------------------------------

  ALTER TABLE "SYSTEM"."BOOK" ADD PRIMARY KEY ("BID")
  USING INDEX PCTFREE 10 INITRANS 2 MAXTRANS 255 COMPUTE STATISTICS 
  STORAGE(INITIAL 65536 NEXT 1048576 MINEXTENTS 1 MAXEXTENTS 2147483645
  PCTINCREASE 0 FREELISTS 1 FREELIST GROUPS 1 BUFFER_POOL DEFAULT)
  TABLESPACE "SYSTEM"  ENABLE;
--------------------------------------------------------
--  Constraints for Table CATEGORY
--------------------------------------------------------

  ALTER TABLE "SYSTEM"."CATEGORY" ADD PRIMARY KEY ("CID")
  USING INDEX PCTFREE 10 INITRANS 2 MAXTRANS 255 COMPUTE STATISTICS 
  STORAGE(INITIAL 65536 NEXT 1048576 MINEXTENTS 1 MAXEXTENTS 2147483645
  PCTINCREASE 0 FREELISTS 1 FREELIST GROUPS 1 BUFFER_POOL DEFAULT)
  TABLESPACE "SYSTEM"  ENABLE;
--------------------------------------------------------
--  Constraints for Table REMARK
--------------------------------------------------------

  ALTER TABLE "SYSTEM"."REMARK" ADD PRIMARY KEY ("RID")
  USING INDEX PCTFREE 10 INITRANS 2 MAXTRANS 255 COMPUTE STATISTICS 
  STORAGE(INITIAL 65536 NEXT 1048576 MINEXTENTS 1 MAXEXTENTS 2147483645
  PCTINCREASE 0 FREELISTS 1 FREELIST GROUPS 1 BUFFER_POOL DEFAULT)
  TABLESPACE "SYSTEM"  ENABLE;
--------------------------------------------------------
--  Constraints for Table USER_INFO
--------------------------------------------------------

  ALTER TABLE "SYSTEM"."USER_INFO" ADD PRIMARY KEY ("USID")
  USING INDEX PCTFREE 10 INITRANS 2 MAXTRANS 255 COMPUTE STATISTICS 
  STORAGE(INITIAL 65536 NEXT 1048576 MINEXTENTS 1 MAXEXTENTS 2147483645
  PCTINCREASE 0 FREELISTS 1 FREELIST GROUPS 1 BUFFER_POOL DEFAULT)
  TABLESPACE "SYSTEM"  ENABLE;
--------------------------------------------------------
--  Ref Constraints for Table BOOK
--------------------------------------------------------

  ALTER TABLE "SYSTEM"."BOOK" ADD CONSTRAINT "FK_CID" FOREIGN KEY ("CID")
	  REFERENCES "SYSTEM"."CATEGORY" ("CID") ENABLE;
 
  ALTER TABLE "SYSTEM"."BOOK" ADD CONSTRAINT "FK_USID" FOREIGN KEY ("USID")
	  REFERENCES "SYSTEM"."USER_INFO" ("USID") ENABLE;
--------------------------------------------------------
--  Ref Constraints for Table REMARK
--------------------------------------------------------

  ALTER TABLE "SYSTEM"."REMARK" ADD CONSTRAINT "FK_BID" FOREIGN KEY ("BID")
	  REFERENCES "SYSTEM"."BOOK" ("BID") ENABLE;
 
  ALTER TABLE "SYSTEM"."REMARK" ADD CONSTRAINT "FK_RB_USID" FOREIGN KEY ("USID")
	  REFERENCES "SYSTEM"."USER_INFO" ("USID") ENABLE;
